AbortDoc,1
AbortPath,2
AbortPrinter,3
ActivateKeyboardLayout,4
AddFontResource,5
AddForm,6
AddJob,7
AddMonitor,8
AddPort,9
AddPrinter,10
AddPrinterConnection,11
AddPrinterDriver,12
AddPrintProcessor,13
AddPrintProvidor,14
AdjustWindowRect,15
AdvancedDocumentProperties,16
AngleArc,17
AnyPopup,18
AppendMenu,19
Arc,20
ArrangeIconicWindows,21
AttachThreadInput,22
Beep,23
BeginDeferWindowPos,24
BeginPath,25
BitBlt,26
BringWindowToTop,27
BroadcastSystemMessage,28
CallNamedPipe,29
CancelDC,30
CancelWaitableTimer,31
CascadeWindows,32
CharToOem,33
CheckMenuItem,34
CheckMenuRadioItem,35
ChildWindowFromPoint,36
Chord,37
ClientToScreen,38
ClipCursor,39
CloseEnhMetaFile,40
CloseFigure,41
CloseHandle,42
CloseMetaFile,43
ClosePrinter,44
CloseWindow,45
CombineRgn,46
CombineTransform,47
CompareFileTime,48
ConfigurePort,49
ConnectNamedPipe,50
ConnectToPrinterDlg,51
ConvertDefaultLocale,52
CopyEnhMetaFile,53
CopyFile,54
CopyIcon,55
CopyImage,56
CopyMetaFile,57
CopyRect,58
CreateBitmap,59
CreateBitmapIndirect,60
CreateBrushIndirect,61
CreateCaret,62
CreateCompatibleBitmap,63
CreateCompatibleDC,64
CreateCursor,65
CreateDC,66
CreateDIBitmap,67
CreateDIBPatternBrush,68
CreateDIBSection,69
CreateDirectory,70
CreateEllipticRgn,71
CreateEllipticRgnIndirect,72
CreateEnhMetaFile,73
CreateEvent,74
CreateFile,75
CreateFileMapping,76
CreateFont,77
CreateFontIndirect,78
CreateHatchBrush,79
CreateIC,80
CreateIcon,81
CreateIconIndirect,82
CreateMailslot,83
CreateMenu,84
CreateMetaFile,85
CreateMutex,86
CreateNamedPipe,87
CreatePatternBrush,88
CreatePen,89
CreatePenIndirect,90
CreatePipe,91
CreatePolygonRgn,92
CreatePolyPolygonRgn,93
CreatePopupMenu,94
CreateProcess,95
CreateRectRgn,96
CreateRectRgnIndirect,97
CreateRoundRectRgn,98
CreateScalableFontResource,99
CreateSemaphore,100
CreateSolidBrush,101
CreateWaitableTimer,102
DeferWindowPos,103
DeleteDC,104
DeleteEnhMetaFile,105
DeleteFile,106
DeleteForm,107
DeleteMenu,108
DeleteMetaFile,109
DeleteMonitor,110
DeleteObject,111
DeletePort,112
DeletePrinter,113
DeletePrinterConnection,114
DeletePrinterDriver,115
DeletePrintProcessor,116
DeletePrintProvidor,117
DestroyCaret,118
DestroyCursor,119
DestroyIcon,120
DestroyMenu,121
DestroyWindow,122
DeviceCapabilities,123
DeviceIoControl,124
DisconnectNamedPipe,125
DocumentProperties,126
DosDateTimeToFileTime,127
DPtoLP,128
DrawAnimatedRects,129
DrawEdge,130
DrawEscape,131
DrawFocusRect,132
DrawFrameControl,133
DrawIcon,134
DrawIconEx,135
DrawMenuBar,136
DrawState,137
DrawText,138
DrawTextEx,139
DuplicateHandle,140
Ellipse,141
EnableMenuItem,142
EnableWindow,143
EndDeferWindowPos,144
EndDocAPI,145
EndDocPrinter,146
EndPage,147
EndPagePrinter,148
EndPath,149
EnumCalendarInfo,150
EnumChildWindows,151
EnumDateFormats,152
EnumEnhMetaFile,153
EnumFontFamilies,154
EnumFontFamiliesEx,155
EnumFonts,156
EnumForms,157
EnumJobs,158
EnumMetaFile,159
EnumMonitors,160
EnumObjects,161
EnumPorts,162
EnumPrinterDrivers,163
EnumPrinters,164
EnumPrintProcessorDatatypes,165
EnumPrintProcessors,166
EnumSystemCodePages,167
EnumSystemLocales,168
EnumThreadWindows,169
EnumTimeFormats,170
EnumWindows,171
EqualRect,172
EqualRgn,173
Escape,174
ExcludeClipRect,175
ExcludeUpdateRgn,176
ExitProcess,177
ExitWindowsEx,178
ExpandEnvironmentStrings,179
ExtCreatePen,180
ExtCreateRegion,181
ExtFloodFill,182
ExtractAssociatedIcon,183
ExtractIcon,184
ExtSelectClipRgn,185
ExtTextOut,186
FileTimeToDosDateTime,187
FileTimeToLocalFileTime,188
FileTimeToSystemTime,189
FillPath,190
FillRect,191
FillRgn,192
FindClose,193
FindCloseChangeNotification,194
FindClosePrinterChangeNotification,195
FindExecutable,196
FindFirstChangeNotification,197
FindFirstFile,198
FindFirstPrinterChangeNotification,199
FindNextChangeNotification,200
FindNextFile,201
FindNextPrinterChangeNotification,202
FindWindow,203
FindWindowEx,204
FlashWindow,205
FlattenPath,206
FloodFill,207
FlushFileBuffers,208
FlushViewOfFile,209
FrameRect,210
FrameRgn,211
FreeEnvironmentStrings,212
FreeLibrary,213
FreePrinterNotifyInfo,214
GdiComment,215
GdiFlush,216
GdiGetBatchLimit,217
GdiSetBatchLimit,218
GetACP,219
GetActiveWindow,220
GetArcDirection,221
GetAspectRatioFilterEx,222
GetAsyncKeyState,223
GetBinaryType,224
GetBitmapBits,225
GetBitmapDimensionEx,226
GetBkColor,227
GetBkMode,228
GetBoundsRect,229
GetBrushOrgEx,230
GetCapture,231
GetCaretBlinkTime,232
GetCaretPos,233
GetCharABCWidths,234
GetCharABCWidthsFloat,235
GetCharacterPlacement,236
GetCharWidth,237
GetClassInfo,238
GetClassLong,239
GetClassName,240
GetClassWord,241
GetClientRect,242
GetClipBox,243
GetClipCursor,244
GetClipRgn,245
GetCommandLine,246
GetCompressedFileSize,247
GetComputerName,248
GetCPInfo,249
GetCurrencyFormat,250
GetCurrentDirectory,251
GetCurrentObject,252
GetCurrentPositionEx,253
GetCurrentProcess,254
GetCurrentProcessId,255
GetCurrentThread,256
GetCurrentThreadId,257
GetCursor,258
GetCursorPos,259
GetDateFormat,260
GetDC,261
GetDCEx,262
GetDCOrgEx,263
GetDesktopWindow,264
GetDeviceCaps,265
GetDIBColorTable,266
GetDIBits,267
GetDiskFreeSpace,268
GetDiskFreeSpaceEx,269
GetDoubleClickTime,270
GetDriveType,271
GetEnhMetaFile,272
GetEnhMetaFileBits,273
GetEnhMetaFileDescription,274
GetEnhMetaFileHeader,275
GetEnhMetaFilePaletteEntries,276
GetEnvironmentStrings,277
GetEnvironmentVariable,278
GetExitCodeProces,279
GetExitCodeThread,280
GetExpandedName,281
GetFileAttributes,282
GetFileInformationByHandle,283
GetFileSize,284
GetFileTime,285
GetFileType,286
GetFileVersionInfo,287
GetFileVersionInfoSize,288
GetFocus,289
GetFontData,290
GetFontLanguageInfo,291
GetForegroundWindow,292
GetForm,293
GetFullPathName,294
GetGlyphOutline,295
GetGraphicsMode,296
GetHandleInformation,297
GetIconInfo,298
GetInputState,299
GetJob,300
GetKBCodePage,301
GetKerningPairs,302
GetKeyboardLayout,303
GetKeyboardLayoutList,304
GetKeyboardLayoutName,305
GetKeyboardState,306
GetKeyboardType,307
GetKeyNameText,308
GetKeyState,309
GetLastActivePopup,310
GetLastError,311
GetLocaleInfo,312
GetLocalTime,313
GetLogicalDrives,314
GetLogicalDriveStrings,315
GetMailslotInfo,316
GetMapMode,317
GetMenu,318
GetMenuCheckMarkDimensions,319
GetMenuContextHelpId,320
GetMenuDefaultItem,321
GetMenuItemCount,322
GetMenuItemID,323
GetMenuItemInfo,324
GetMenuItemRect,325
GetMenuState,326
GetMenuString,327
GetMessagePos,328
GetMessageTime,329
GetMetaFile,330
GetMetaFileBitsEx,331
GetMiterLimit,332
GetModuleFileName,333
GetModuleHandle,334
GetNearestColor,335
GetNumberFormat,336
GetObjectAPI,337
GetObjectType,338
GetOEMCP,339
GetOutlineTextMetrics,340
GetOverlappedResult,341
GetParent,342
GetPath,343
GetPixel,344
GetPolyFillMode,345
GetPrinter,346
GetPrinterData,347
GetPrinterDriver,348
GetPrinterDriverDirectory,349
GetPrintProcessorDirectory,350
GetPriorityClass,351
GetPrivateProfileInt,352
GetPrivateProfileSection,353
GetPrivateProfileString,354
GetProcessShutdownParameters,355
GetProcessTimes,356
GetProcessWorkingSetSize,357
GetProfileInt,358
GetProfileSection,359
GetProfileString,360
GetQueueStatus,361
GetRasterizerCaps,362
GetRegionData,363
GetRgnBox,364
GetROP2,365
GetSartupInfo,366
GetShortPathName,367
GetStockObject,368
GetStretchBltMode,369
GetSubMenu,370
GetSysColor,371
GetSysColorBrush,372
GetSystemDefaultLangID,373
GetSystemDefaultLCID,374
GetSystemDirectory,375
GetSystemInfo,376
GetSystemMenu,377
GetSystemMetrics,378
GetSystemPowerStatus,379
GetSystemTime,380
GetSystemTimeAdjustment,381
GetTabbedTextExtent,382
GetTempFileName,383
GetTempPath,384
GetTextAlign,385
GetTextCharacterExtra,386
GetTextCharset,387
GetTextCharsetInfo,388
GetTextColor,389
GetTextExtentExPoint,390
GetTextExtentPoint,391
GetTextFace,392
GetTextMetrics,393
GetTheardTimes,394
GetThreadLocale,395
GetThreadPriority,396
GetTickCount,397
GetTimeFormat,398
GetTimeZoneInformation,399
GetTopWindow,400
GetUpdateRect,401
GetUpdateRgn,402
GetUserDefaultLangID,403
GetUserDefaultLCID,404
GetUserName,405
GetVersion,406
GetVersionEx,407
GetViewportExtEx,408
GetViewportOrgEx,409
GetVolumeInformation,410
GetWindow,411
GetWindowContextHelpId,412
GetWindowDC,413
GetWindowExtEx,414
GetWindowLong,415
GetWindowOrgEx,416
GetWindowPlacement,417
GetWindowRect,418
GetWindowRgn,419
GetWindowsDirectory,420
GetWindowText,421
GetWindowTextLength,422
GetWindowThreadProcessId,423
GetWindowWord,424
GetWinMetaFileBits,425
GetWorldTransform,426
GrayString,427
HideCaret,428
HiliteMenuItem,429
hread,430
hwrite,431
InflateRect,432
InsertMenu,433
InsertMenuItem,434
IntersectClipRect,435
IntersectRect,436
InvalidateRect,437
InvalidateRgn,438
InvertRect,439
InvertRgn,440
IsChild,441
IsIconic,442
IsMenu,443
IsRectEmpty,444
IsValidCodePage,445
IsValidLocale,446
IsWindow,447
IsWindowEnabled,448
IsWindowUnicode,449
IsWindowVisible,450
IsZoomed,451
keybd_event,452
lclose,453
lcreat,454
LineDDA,455
LineTo,456
llseek,457
LoadBitmap,458
LoadCursor,459
LoadCursorFromFile,460
LoadIcon,461
LoadImage,462
LoadKeyboardLayout,463
LoadLibrary,464
LoadLibraryEx,465
LoadMenu,466
LoadMenuIndirect,467
LoadModule,468
LockFile,469
LockFileEx,470
LockWindowUpdate,471
lopen,472
LPtoDP,473
lread,474
lwrite,475
LZClose,476
LZCopy,477
LZInit,478
LZOpenFile,479
LZRead,480
LZSeek,481
MapViewOfFile,482
MapVirtualKey,483
MapVirtualKeyEx,484
MapWindowPoints,485
MaskBlt,486
MenuItemFromPoint,487
MessageBeep,488
ModifyMenu,489
ModifyWorldTransform,490
mouse_event,491
MoveFile,492
MoveToEx,493
MoveWindow,494
MsgWaitForMultipleObjects,495
OemKeyScan,496
OemToChar,497
OffsetClipRgn,498
OffsetRect,499
OffsetRgn,500
OffsetViewportOrgEx,501
OffsetWindowOrgEx,502
OpenFile,503
OpenFileMapping,504
OpenIcon,505
OpenPrinter,506
PaintDesk,507
PaintRgn,508
PatBlt,509
PathToRegion,510
Pie,511
PlayEnhMetaFile,512
PlayEnhMetaFileRecord,513
PlayMetaFile,514
PlayMetaFileRecord,515
PlgBlt,516
PolyBezier,517
PolyDraw,518
Polygon,519
Polyline,520
PolyPolygon,521
PolyPolyline,522
PolyTextOut,523
PostMessage,524
PostThreadMessage,525
PrinterMessageBox,526
PrinterProperties,527
PtInRect,528
PtInRegion,529
PtVisible,530
QueryDosDevice,531
ReadFile,532
ReadFileEx,533
ReadPrinter,534
Rectangle,535
RectInRegion,536
RectVisible,537
RedrawWindow,538
RegCloseKey,539
RegConnectRegistry,540
RegCreateKey,541
RegCreateKeyEx,542
RegDeleteKey,543
RegDeleteValue,544
RegEnumKey,545
RegEnumKeyEx,546
RegEnumValue,547
RegFlushKey,548
RegGetKeySecurity,549
RegisterWindowMessage,550
RegLoadKey,551
RegNotifyChangeKeyValue,552
RegOpenKey,553
RegOpenKeyEx,554
RegQueryInfoKey,555
RegQueryValue,556
RegQueryValueEx,557
RegReplaceKey,558
RegRestoreKey,559
RegSaveKey,560
RegSetKeySecurity,561
RegSetValue,562
RegSetValueEx,563
RegUnLoadKey,564
ReleaseCapture,565
ReleaseDC,566
RemoveDirectory,567
RemoveFontResource,568
RemoveMenu,569
ReplyMessage,570
ResetDC,571
ResetPrinter,572
RestoreDC,573
RoundRect,574
SaveDC,575
ScaleViewportExtEx,576
ScaleWindowExtEx,577
ScheduleJob,578
ScreenToClient,579
ScrollDC,580
ScrollWindow,581
ScrollWindowEx,582
SearchPath,583
SelectClipPath,584
SelectClipRgn,585
SelectObject,586
SendMessage,587
SendMessageCallback,588
SendMessageTimeout,589
SendNotifyMessage,590
SetAbortProc,591
SetActiveWindow,592
SetArcDirection,593
SetBitmapBits,594
SetBitmapDimensionEx,595
SetBkColor,596
SetBkMode,597
SetBoundsRect,598
SetBrushOrgEx,599
SetCapture,600
SetCaretBlinkTime,601
SetCaretPos,602
SetClassLong,603
SetClassWord,604
SetComputerName,605
SetCurrentDirectory,606
SetCursor,607
SetCursorPos,608
SetDIBColorTable,609
SetDIBits,610
SetDIBitsToDevice,611
SetDoubleClickTime,612
SetEndOfFile,613
SetEnhMetaFileBits,614
SetEnvironmentVariable,615
SetFileAttributes,616
SetFilePointer,617
SetFileTime,618
SetFocusAPI,619
SetForegroundWindow,620
SetForm,621
SetGraphicsMode,622
SetHandleCount,623
SetJob,624
SetKeyboardState,625
SetLocaleInfo,626
SetLocalTime,627
SetMapMode,628
SetMapperFlags,629
SetMenu,630
SetMenuContextHelpId,631
SetMenuDefaultItem,632
SetMenuItemBitmaps,633
SetMenuItemInfo,634
SetMetaFileBitsEx,635
SetMiterLimit,636
SetParent,637
SetPixel,638
SetPixelV,639
SetPolyFillMode,640
SetPrinter,641
SetPrinterData,642
SetPriorityClass,643
SetProcessShutdownParameters,644
SetProcessWorkingSetSize,645
SetRect,646
SetRectEmpty,647
SetRectRgn,648
SetROP2,649
SetStretchBltMode,650
SetSysColors,651
SetSystemCursor,652
SetSystemTime,653
SetSystemTimeAdjustment,654
SetTextAlign,655
SetTextCharacterExtra,656
SetTextColor,657
SetTextJustification,658
SetThreadLocale,659
SetThreadPriority,660
SetTimeZoneInformation,661
SetViewportExtEx,662
SetViewportOrgEx,663
SetVolumeLabel,664
SetWindowContextHelpId,665
SetWindowExtEx,666
SetWindowLong,667
SetWindowOrgEx,668
SetWindowPlacement,669
SetWindowPos,670
SetWindowRgn,671
SetWindowText,672
SetWindowWord,673
SetWinMetaFileBits,674
SetWorldTransform,675
ShellExecute,676
ShowCaret,677
ShowCursor,678
ShowOwnedPopups,679
ShowWindow,680
ShowWindowAsync,681
StartDoc,682
StartDocPrinter,683
StartPage,684
StartPagePrinter,685
StretchBlt,686
StretchDIBits,687
StrokeAndFillPath,688
StrokePath,689
SubtractRect,690
SwapMouseButton,691
SystemParametersInfo,692
SystemTimeToFileTime,693
SystemTimeToTzSpecificLocalTime,694
TabbedTextOut,695
TerminateProcess,696
TextOut,697
TileWindows,698
ToAscii,699
ToUnicode,700
TrackPopupMenu,701
TrackPopupMenuEx,702
UnionRect,703
UnloadKeyboardLayout,704
UnlockFile,705
UnlockFileEx,706
UnmapViewOfFile,707
UnrealizeObject,708
UpdateWindow,709
ValidateRect,710
ValidateRgn,711
VerFindFile,712
VerInstallFile,713
VerLanguageName,714
VerQueryValue,715
VkKeyScan,716
WidenPath,717
WindowFromDC,718
WindowFromPoint,719
WinExec,720
WNetAddConnection,721
WNetAddConnection2,722
WNetAddConnection3,723
WNetCancelConnection,724
WNetCancelConnection2,725
WNetCloseEnum,726
WNetConnectionDialog,727
WNetDisconnectDialog,728
WNetEnumResource,729
WNetGetConnection,730
WNetGetLastError,731
WNetGetUniversalName,732
WNetGetUser,733
WNetOpenEnum,734
WriteFile,735
WriteFileEx,736
WritePrinter,737
WritePrivateProfileSection,738
WritePrivateProfileString,739
WriteProfileSection,740
WriteProfileString,741
_hread,742
_hwrite,743
_lclose,744
_lcreat,745
_llseek,746
_lopen,747
_lread,748
_lwrite,749
ActivateActCtx,750
AddAtomA,751
AddAtomW,752
AddConsoleAliasA,753
AddConsoleAliasW,754
AddLocalAlternateComputerNameA,755
AddLocalAlternateComputerNameW,756
AddRefActCtx,757
AllocateUserPhysicalPages,758
AllocConsole,759
AreFileApisANSI,760
AssignProcessToJobObject,761
AttachConsole,762
BackupRead,763
BackupSeek,764
BackupWrite,765
BaseCheckAppcompatCache,766
BaseCleanupAppcompatCache,767
BaseCleanupAppcompatCacheSupport,768
BaseDumpAppcompatCache,769
BaseFlushAppcompatCache,770
BaseInitAppcompatCache,771
BaseInitAppcompatCacheSupport,772
BasepCheckWinSaferRestrictions,773
BaseProcessInitPostImport,774
BaseQueryModuleData,775
BaseUpdateAppcompatCache,776
BeginUpdateResourceA,777
BeginUpdateResourceW,778
BindIoCompletionCallback,779
BuildCommDCBA,780
BuildCommDCBAndTimeoutsA,781
BuildCommDCBAndTimeoutsW,782
BuildCommDCBW,783
CallNamedPipeA,784
CallNamedPipeW,785
CancelDeviceWakeupRequest,786
CancelIo,787
CancelTimerQueueTimer,788
ChangeTimerQueueTimer,789
CheckNameLegalDOS8Dot3A,790
CheckNameLegalDOS8Dot3W,791
CheckRemoteDebuggerPresent,792
ClearCommBreak,793
ClearCommError,794
CloseConsoleHandle,795
CloseProfileUserMapping,796
CmdBatNotification,797
CommConfigDialogA,798
CommConfigDialogW,799
CompareStringA,800
CompareStringW,801
ConsoleMenuControl,802
ContinueDebugEvent,803
ConvertFiberToThread,804
ConvertThreadToFiber,805
CopyFileA,806
CopyFileExA,807
CopyFileExW,808
CopyFileW,809
CopyLZFile,810
CreateActCtxA,811
CreateActCtxW,812
CreateConsoleScreenBuffer,813
CreateDirectoryA,814
CreateDirectoryExA,815
CreateDirectoryExW,816
CreateDirectoryW,817
CreateEventA,818
CreateEventW,819
CreateFiber,820
CreateFiberEx,821
CreateFileA,822
CreateFileMappingA,823
CreateFileMappingW,824
CreateFileW,825
CreateHardLinkA,826
CreateHardLinkW,827
CreateIoCompletionPort,828
CreateJobObjectA,829
CreateJobObjectW,830
CreateJobSet,831
CreateMailslotA,832
CreateMailslotW,833
CreateMemoryResourceNotification,834
CreateMutexA,835
CreateMutexW,836
CreateNamedPipeA,837
CreateNamedPipeW,838
CreateNlsSecurityDescriptor,839
CreateProcessA,840
CreateProcessInternalA,841
CreateProcessInternalW,842
CreateProcessInternalWSecure,843
CreateProcessW,844
CreateRemoteThread,845
CreateSemaphoreA,846
CreateSemaphoreW,847
CreateSocketHandle,848
CreateTapePartition,849
CreateThread,850
CreateTimerQueue,851
CreateTimerQueueTimer,852
CreateToolhelp32Snapshot,853
CreateVirtualBuffer,854
CreateWaitableTimerA,855
CreateWaitableTimerW,856
DeactivateActCtx,857
DebugActiveProcess,858
DebugActiveProcessStop,859
DebugBreak,860
DebugBreakProcess,861
DebugSetProcessKillOnExit,862
DefineDosDeviceA,863
DefineDosDeviceW,864
DelayLoadFailureHook,865
DeleteAtom,866
DeleteFiber,867
DeleteFileA,868
DeleteFileW,869
DeleteTimerQueue,870
DeleteTimerQueueEx,871
DeleteTimerQueueTimer,872
DeleteVolumeMountPointA,873
DeleteVolumeMountPointW,874
DisableThreadLibraryCalls,875
DnsHostnameToComputerNameA,876
DnsHostnameToComputerNameW,877
DosPathToSessionPathA,878
DosPathToSessionPathW,879
DuplicateConsoleHandle,880
EndUpdateResourceA,881
EndUpdateResourceW,882
EnumCalendarInfoA,883
EnumCalendarInfoExA,884
EnumCalendarInfoExW,885
EnumCalendarInfoW,886
EnumDateFormatsA,887
EnumDateFormatsExA,888
EnumDateFormatsExW,889
EnumDateFormatsW,890
EnumerateLocalComputerNamesA,891
EnumerateLocalComputerNamesW,892
EnumLanguageGroupLocalesA,893
EnumLanguageGroupLocalesW,894
EnumResourceLanguagesA,895
EnumResourceLanguagesW,896
EnumResourceNamesA,897
EnumResourceNamesW,898
EnumResourceTypesA,899
EnumResourceTypesW,900
EnumSystemCodePagesA,901
EnumSystemCodePagesW,902
EnumSystemGeoID,903
EnumSystemLanguageGroupsA,904
EnumSystemLanguageGroupsW,905
EnumSystemLocalesA,906
EnumSystemLocalesW,907
EnumTimeFormatsA,908
EnumTimeFormatsW,909
EnumUILanguagesA,910
EnumUILanguagesW,911
EraseTape,912
EscapeCommFunction,913
ExitThread,914
ExitVDM,915
ExpandEnvironmentStringsA,916
ExpandEnvironmentStringsW,917
ExpungeConsoleCommandHistoryA,918
ExpungeConsoleCommandHistoryW,919
ExtendVirtualBuffer,920
FatalAppExitA,921
FatalAppExitW,922
FatalExit,923
FillConsoleOutputAttribute,924
FillConsoleOutputCharacterA,925
FillConsoleOutputCharacterW,926
FindActCtxSectionGuid,927
FindActCtxSectionStringA,928
FindActCtxSectionStringW,929
FindAtomA,930
FindAtomW,931
FindFirstChangeNotificationA,932
FindFirstChangeNotificationW,933
FindFirstFileA,934
FindFirstFileExA,935
FindFirstFileExW,936
FindFirstFileW,937
FindFirstVolumeA,938
FindFirstVolumeMountPointA,939
FindFirstVolumeMountPointW,940
FindFirstVolumeW,941
FindNextFileA,942
FindNextFileW,943
FindNextVolumeA,944
FindNextVolumeMountPointA,945
FindNextVolumeMountPointW,946
FindNextVolumeW,947
FindResourceA,948
FindResourceExA,949
FindResourceExW,950
FindResourceW,951
FindVolumeClose,952
FindVolumeMountPointClose,953
FlushConsoleInputBuffer,954
FlushInstructionCache,955
FoldStringA,956
FoldStringW,957
FormatMessageA,958
FormatMessageW,959
FreeConsole,960
FreeEnvironmentStringsA,961
FreeEnvironmentStringsW,962
FreeLibraryAndExitThread,963
FreeResource,964
FreeUserPhysicalPages,965
FreeVirtualBuffer,966
GenerateConsoleCtrlEvent,967
GetAtomNameA,968
GetAtomNameW,969
GetBinaryTypeA,970
GetBinaryTypeW,971
GetCalendarInfoA,972
GetCalendarInfoW,973
GetCommandLineA,974
GetCommandLineW,975
GetCommConfig,976
GetCommMask,977
GetCommModemStatus,978
GetCommProperties,979
GetCommState,980
GetCommTimeouts,981
GetComPlusPackageInstallStatus,982
GetCompressedFileSizeA,983
GetCompressedFileSizeW,984
GetComputerNameA,985
GetComputerNameExA,986
GetComputerNameExW,987
GetComputerNameW,988
GetConsoleAliasA,989
GetConsoleAliasesA,990
GetConsoleAliasesLengthA,991
GetConsoleAliasesLengthW,992
GetConsoleAliasesW,993
GetConsoleAliasExesA,994
GetConsoleAliasExesLengthA,995
GetConsoleAliasExesLengthW,996
GetConsoleAliasExesW,997
GetConsoleAliasW,998
GetConsoleCharType,999
GetConsoleCommandHistoryA,1000
GetConsoleCommandHistoryLengthA,1001
GetConsoleCommandHistoryLengthW,1002
GetConsoleCommandHistoryW,1003
GetConsoleCP,1004
GetConsoleCursorInfo,1005
GetConsoleCursorMode,1006
GetConsoleDisplayMode,1007
GetConsoleFontInfo,1008
GetConsoleFontSize,1009
GetConsoleHardwareState,1010
GetConsoleInputExeNameA,1011
GetConsoleInputExeNameW,1012
GetConsoleInputWaitHandle,1013
GetConsoleKeyboardLayoutNameA,1014
GetConsoleKeyboardLayoutNameW,1015
GetConsoleMode,1016
GetConsoleNlsMode,1017
GetConsoleOutputCP,1018
GetConsoleProcessList,1019
GetConsoleScreenBufferInfo,1020
GetConsoleSelectionInfo,1021
GetConsoleTitleA,1022
GetConsoleTitleW,1023
GetConsoleWindow,1024
GetCPFileNameFromRegistry,1025
GetCPInfoExA,1026
GetCPInfoExW,1027
GetCurrencyFormatA,1028
GetCurrencyFormatW,1029
GetCurrentActCtx,1030
GetCurrentConsoleFont,1031
GetCurrentDirectoryA,1032
GetCurrentDirectoryW,1033
GetDateFormatA,1034
GetDateFormatW,1035
GetDefaultCommConfigA,1036
GetDefaultCommConfigW,1037
GetDefaultSortkeySize,1038
GetDevicePowerState,1039
GetDiskFreeSpaceA,1040
GetDiskFreeSpaceExA,1041
GetDiskFreeSpaceExW,1042
GetDiskFreeSpaceW,1043
GetDllDirectoryA,1044
GetDllDirectoryW,1045
GetDriveTypeA,1046
GetDriveTypeW,1047
GetEnvironmentStringsA,1048
GetEnvironmentStringsW,1049
GetEnvironmentVariableA,1050
GetEnvironmentVariableW,1051
GetExitCodeProcess,1052
GetExpandedNameA,1053
GetExpandedNameW,1054
GetFileAttributesA,1055
GetFileAttributesExA,1056
GetFileAttributesExW,1057
GetFileAttributesW,1058
GetFileSizeEx,1059
GetFirmwareEnvironmentVariableA,1060
GetFirmwareEnvironmentVariableW,1061
GetFullPathNameA,1062
GetFullPathNameW,1063
GetGeoInfoA,1064
GetGeoInfoW,1065
GetHandleContext,1066
GetLargestConsoleWindowSize,1067
GetLinguistLangSize,1068
GetLocaleInfoA,1069
GetLocaleInfoW,1070
GetLogicalDriveStringsA,1071
GetLogicalDriveStringsW,1072
GetLogicalProcessorInformation,1073
GetLongPathNameA,1074
GetLongPathNameW,1075
GetModuleFileNameA,1076
GetModuleFileNameW,1077
GetModuleHandleA,1078
GetModuleHandleExA,1079
GetModuleHandleExW,1080
GetModuleHandleW,1081
GetNamedPipeHandleStateA,1082
GetNamedPipeHandleStateW,1083
GetNamedPipeInfo,1084
GetNativeSystemInfo,1085
GetNextVDMCommand,1086
GetNlsSectionName,1087
GetNumaAvailableMemory,1088
GetNumaAvailableMemoryNode,1089
GetNumaHighestNodeNumber,1090
GetNumaNodeProcessorMask,1091
GetNumaProcessorMap,1092
GetNumaProcessorNode,1093
GetNumberFormatA,1094
GetNumberFormatW,1095
GetNumberOfConsoleFonts,1096
GetNumberOfConsoleInputEvents,1097
GetNumberOfConsoleMouseButtons,1098
GetPrivateProfileIntA,1099
GetPrivateProfileIntW,1100
GetPrivateProfileSectionA,1101
GetPrivateProfileSectionNamesA,1102
GetPrivateProfileSectionNamesW,1103
GetPrivateProfileSectionW,1104
GetPrivateProfileStringA,1105
GetPrivateProfileStringW,1106
GetPrivateProfileStructA,1107
GetPrivateProfileStructW,1108
GetProcAddress,1109
GetProcessAffinityMask,1110
GetProcessDEPPolicy,1111
GetProcessHandleCount,1112
GetProcessHeap,1113
GetProcessHeaps,1114
GetProcessId,1115
GetProcessIoCounters,1116
GetProcessPriorityBoost,1117
GetProcessVersion,1118
GetProfileIntA,1119
GetProfileIntW,1120
GetProfileSectionA,1121
GetProfileSectionW,1122
GetProfileStringA,1123
GetProfileStringW,1124
GetQueuedCompletionStatus,1125
GetShortPathNameA,1126
GetShortPathNameW,1127
GetStartupInfoA,1128
GetStartupInfoW,1129
GetStdHandle,1130
GetStringTypeA,1131
GetStringTypeExA,1132
GetStringTypeExW,1133
GetStringTypeW,1134
GetSystemDefaultUILanguage,1135
GetSystemDEPPolicy,1136
GetSystemDirectoryA,1137
GetSystemDirectoryW,1138
GetSystemRegistryQuota,1139
GetSystemTimeAsFileTime,1140
GetSystemTimes,1141
GetSystemWindowsDirectoryA,1142
GetSystemWindowsDirectoryW,1143
GetSystemWow64DirectoryA,1144
GetSystemWow64DirectoryW,1145
GetTapeParameters,1146
GetTapePosition,1147
GetTapeStatus,1148
GetTempFileNameA,1149
GetTempFileNameW,1150
GetTempPathA,1151
GetTempPathW,1152
GetThreadContext,1153
GetThreadIOPendingFlag,1154
GetThreadPriorityBoost,1155
GetThreadSelectorEntry,1156
GetThreadTimes,1157
GetTimeFormatA,1158
GetTimeFormatW,1159
GetUserDefaultUILanguage,1160
GetUserGeoID,1161
GetVDMCurrentDirectories,1162
GetVersionExA,1163
GetVersionExW,1164
GetVolumeInformationA,1165
GetVolumeInformationW,1166
GetVolumeNameForVolumeMountPointA,1167
GetVolumeNameForVolumeMountPointW,1168
GetVolumePathNameA,1169
GetVolumePathNamesForVolumeNameA,1170
GetVolumePathNamesForVolumeNameW,1171
GetVolumePathNameW,1172
GetWindowsDirectoryA,1173
GetWindowsDirectoryW,1174
GetWriteWatch,1175
GlobalAddAtomA,1176
GlobalAddAtomW,1177
GlobalAlloc,1178
GlobalCompact,1179
GlobalDeleteAtom,1180
GlobalFindAtomA,1181
GlobalFindAtomW,1182
GlobalFix,1183
GlobalFlags,1184
GlobalFree,1185
GlobalGetAtomNameA,1186
GlobalGetAtomNameW,1187
GlobalHandle,1188
GlobalLock,1189
GlobalMemoryStatus,1190
GlobalMemoryStatusEx,1191
GlobalReAlloc,1192
GlobalSize,1193
GlobalUnfix,1194
GlobalUnlock,1195
GlobalUnWire,1196
GlobalWire,1197
Heap32First,1198
Heap32ListFirst,1199
Heap32ListNext,1200
Heap32Next,1201
HeapCompact,1202
HeapCreate,1203
HeapCreateTagsW,1204
HeapDestroy,1205
HeapExtend,1206
HeapLock,1207
HeapQueryInformation,1208
HeapQueryTagW,1209
HeapSetInformation,1210
HeapSummary,1211
HeapUnlock,1212
HeapUsage,1213
HeapValidate,1214
HeapWalk,1215
InitAtomTable,1216
InitializeCriticalSection,1217
InitializeCriticalSectionAndSpinCount,1218
InterlockedCompareExchange,1219
InterlockedDecrement,1220
InterlockedExchange,1221
InterlockedExchangeAdd,1222
InterlockedIncrement,1223
InvalidateConsoleDIBits,1224
IsBadCodePtr,1225
IsBadHugeReadPtr,1226
IsBadHugeWritePtr,1227
IsBadReadPtr,1228
IsBadStringPtrA,1229
IsBadStringPtrW,1230
IsBadWritePtr,1231
IsDBCSLeadByte,1232
IsDBCSLeadByteEx,1233
IsDebuggerPresent,1234
IsProcessInJob,1235
IsProcessorFeaturePresent,1236
IsSystemResumeAutomatic,1237
IsValidLanguageGroup,1238
IsValidUILanguage,1239
IsWow64Process,1240
LCMapStringA,1241
LCMapStringW,1242
LoadLibraryA,1243
LoadLibraryExA,1244
LoadLibraryExW,1245
LoadLibraryW,1246
LoadResource,1247
LocalAlloc,1248
LocalCompact,1249
LocalFileTimeToFileTime,1250
LocalFlags,1251
LocalFree,1252
LocalHandle,1253
LocalLock,1254
LocalReAlloc,1255
LocalShrink,1256
LocalSize,1257
LocalUnlock,1258
LockResource,1259
lstrcat,1260
lstrcatA,1261
lstrcatW,1262
lstrcmp,1263
lstrcmpA,1264
lstrcmpi,1265
lstrcmpiA,1266
lstrcmpiW,1267
lstrcmpW,1268
lstrcpy,1269
lstrcpyA,1270
lstrcpyn,1271
lstrcpynA,1272
lstrcpynW,1273
lstrcpyW,1274
lstrlen,1275
lstrlenA,1276
lstrlenW,1277
LZCloseFile,1278
LZCreateFileW,1279
LZDone,1280
LZOpenFileA,1281
LZOpenFileW,1282
LZStart,1283
MapUserPhysicalPages,1284
MapUserPhysicalPagesScatter,1285
MapViewOfFileEx,1286
Module32First,1287
Module32FirstW,1288
Module32Next,1289
Module32NextW,1290
MoveFileA,1291
MoveFileExA,1292
MoveFileExW,1293
MoveFileW,1294
MoveFileWithProgressA,1295
MoveFileWithProgressW,1296
MulDiv,1297
MultiByteToWideChar,1298
name,1299
NlsConvertIntegerToString,1300
NlsGetCacheUpdateCount,1301
NlsResetProcessLocale,1302
NumaVirtualQueryNode,1303
OpenConsoleW,1304
OpenDataFile,1305
OpenEventA,1306
OpenEventW,1307
OpenFileMappingA,1308
OpenFileMappingW,1309
OpenJobObjectA,1310
OpenJobObjectW,1311
OpenMutexA,1312
OpenMutexW,1313
OpenProcess,1314
OpenProfileUserMapping,1315
OpenSemaphoreA,1316
OpenSemaphoreW,1317
OpenThread,1318
OpenWaitableTimerA,1319
OpenWaitableTimerW,1320
OutputDebugStringA,1321
OutputDebugStringW,1322
PeekConsoleInputA,1323
PeekConsoleInputW,1324
PeekNamedPipe,1325
PostQueuedCompletionStatus,1326
PrepareTape,1327
PrivCopyFileExW,1328
PrivMoveFileIdentityW,1329
Process32First,1330
Process32FirstW,1331
Process32Next,1332
Process32NextW,1333
ProcessIdToSessionId,1334
PulseEvent,1335
PurgeComm,1336
QueryActCtxW,1337
QueryDosDeviceA,1338
QueryDosDeviceW,1339
QueryInformationJobObject,1340
QueryMemoryResourceNotification,1341
QueryPerformanceCounter,1342
QueryPerformanceFrequency,1343
QueryWin31IniFilesMappedToRegistry,1344
QueueUserAPC,1345
QueueUserWorkItem,1346
RaiseException,1347
ReadConsoleA,1348
ReadConsoleInputA,1349
ReadConsoleInputExA,1350
ReadConsoleInputExW,1351
ReadConsoleInputW,1352
ReadConsoleOutputA,1353
ReadConsoleOutputAttribute,1354
ReadConsoleOutputCharacterA,1355
ReadConsoleOutputCharacterW,1356
ReadConsoleOutputW,1357
ReadConsoleW,1358
ReadDirectoryChangesW,1359
ReadFileScatter,1360
ReadProcessMemory,1361
RegisterConsoleIME,1362
RegisterConsoleOS2,1363
RegisterConsoleVDM,1364
RegisterWaitForInputIdle,1365
RegisterWaitForSingleObject,1366
RegisterWaitForSingleObjectEx,1367
RegisterWowBaseHandlers,1368
RegisterWowExec,1369
ReleaseActCtx,1370
ReleaseMutex,1371
ReleaseSemaphore,1372
RemoveDirectoryA,1373
RemoveDirectoryW,1374
RemoveLocalAlternateComputerNameA,1375
RemoveLocalAlternateComputerNameW,1376
ReplaceFileA,1377
ReplaceFileW,1378
RequestDeviceWakeup,1379
RequestWakeupLatency,1380
ResetEvent,1381
ResetWriteWatch,1382
ResumeThread,1383
ScrollConsoleScreenBufferA,1384
ScrollConsoleScreenBufferW,1385
SearchPathA,1386
SearchPathW,1387
SetCalendarInfoA,1388
SetCalendarInfoW,1389
SetClientTimeZoneInformation,1390
SetCommBreak,1391
SetCommConfig,1392
SetCommMask,1393
SetCommState,1394
SetCommTimeouts,1395
SetComPlusPackageInstallStatus,1396
SetComputerNameA,1397
SetComputerNameExA,1398
SetComputerNameExW,1399
SetComputerNameW,1400
SetConsoleActiveScreenBuffer,1401
SetConsoleCommandHistoryMode,1402
SetConsoleCP,1403
SetConsoleCtrlHandler,1404
SetConsoleCursor,1405
SetConsoleCursorInfo,1406
SetConsoleCursorMode,1407
SetConsoleCursorPosition,1408
SetConsoleDisplayMode,1409
SetConsoleFont,1410
SetConsoleHardwareState,1411
SetConsoleIcon,1412
SetConsoleInputExeNameA,1413
SetConsoleInputExeNameW,1414
SetConsoleKeyShortcuts,1415
SetConsoleLocalEUDC,1416
SetConsoleMaximumWindowSize,1417
SetConsoleMenuClose,1418
SetConsoleMode,1419
SetConsoleNlsMode,1420
SetConsoleNumberOfCommandsA,1421
SetConsoleNumberOfCommandsW,1422
SetConsoleOS2OemFormat,1423
SetConsoleOutputCP,1424
SetConsolePalette,1425
SetConsoleScreenBufferSize,1426
SetConsoleTextAttribute,1427
SetConsoleTitleA,1428
SetConsoleTitleW,1429
SetConsoleWindowInfo,1430
SetCPGlobal,1431
SetCurrentDirectoryA,1432
SetCurrentDirectoryW,1433
SetDefaultCommConfigA,1434
SetDefaultCommConfigW,1435
SetDllDirectoryA,1436
SetDllDirectoryW,1437
SetEnvironmentVariableA,1438
SetEnvironmentVariableW,1439
SetErrorMode,1440
SetEvent,1441
SetFileApisToANSI,1442
SetFileApisToOEM,1443
SetFileAttributesA,1444
SetFileAttributesW,1445
SetFilePointerEx,1446
SetFileShortNameA,1447
SetFileShortNameW,1448
SetFileValidData,1449
SetFirmwareEnvironmentVariableA,1450
SetFirmwareEnvironmentVariableW,1451
SetHandleContext,1452
SetHandleInformation,1453
SetInformationJobObject,1454
SetLastConsoleEventActive,1455
SetLocaleInfoA,1456
SetLocaleInfoW,1457
SetLocalPrimaryComputerNameA,1458
SetLocalPrimaryComputerNameW,1459
SetMailslotInfo,1460
SetMessageWaitingIndicator,1461
SetNamedPipeHandleState,1462
SetProcessAffinityMask,1463
SetProcessDEPPolicy,1464
SetProcessPriorityBoost,1465
SetSearchPathMode,1466
SetStdHandle,1467
SetSystemPowerState,1468
SetTapeParameters,1469
SetTapePosition,1470
SetTermsrvAppInstallMode,1471
SetThreadAffinityMask,1472
SetThreadContext,1473
SetThreadExecutionState,1474
SetThreadIdealProcessor,1475
SetThreadPriorityBoost,1476
SetThreadUILanguage,1477
SetTimerQueueTimer,1478
SetUnhandledExceptionFilter,1479
SetupComm,1480
SetUserGeoID,1481
SetVDMCurrentDirectories,1482
SetVolumeLabelA,1483
SetVolumeLabelW,1484
SetVolumeMountPointA,1485
SetVolumeMountPointW,1486
SetWaitableTimer,1487
ShowConsoleCursor,1488
SignalObjectAndWait,1489
SizeofResource,1490
Sleep,1491
SleepEx,1492
SuspendThread,1493
SwitchToFiber,1494
SwitchToThread,1495
TerminateJobObject,1496
TerminateThread,1497
TermsrvAppInstallMode,1498
Thread32First,1499
Thread32Next,1500
TlsAlloc,1501
TlsFree,1502
TlsGetValue,1503
TlsSetValue,1504
Toolhelp32ReadProcessMemory,1505
TransactNamedPipe,1506
TransmitCommChar,1507
TrimVirtualBuffer,1508
TzSpecificLocalTimeToSystemTime,1509
UnhandledExceptionFilter,1510
UnregisterConsoleIME,1511
UnregisterWait,1512
UnregisterWaitEx,1513
UpdateResourceA,1514
UpdateResourceW,1515
UTRegister,1516
UTUnRegister,1517
ValidateLCType,1518
ValidateLocale,1519
VDMConsoleOperation,1520
VDMOperationStarted,1521
VerifyConsoleIoHandle,1522
VerifyVersionInfoA,1523
VerifyVersionInfoW,1524
VerLanguageNameA,1525
VerLanguageNameW,1526
VirtualAlloc,1527
VirtualAllocEx,1528
VirtualBufferExceptionHandler,1529
VirtualFree,1530
VirtualFreeEx,1531
VirtualLock,1532
VirtualProtect,1533
VirtualProtectEx,1534
VirtualQuery,1535
VirtualQueryEx,1536
VirtualUnlock,1537
WaitCommEvent,1538
WaitForDebugEvent,1539
WaitForMultipleObjects,1540
WaitForMultipleObjectsEx,1541
WaitForSingleObject,1542
WaitForSingleObjectEx,1543
WaitNamedPipeA,1544
WaitNamedPipeW,1545
WideCharToMultiByte,1546
WriteConsoleA,1547
WriteConsoleInputA,1548
WriteConsoleInputVDMA,1549
WriteConsoleInputVDMW,1550
WriteConsoleInputW,1551
WriteConsoleOutputA,1552
WriteConsoleOutputAttribute,1553
WriteConsoleOutputCharacterA,1554
WriteConsoleOutputCharacterW,1555
WriteConsoleOutputW,1556
WriteConsoleW,1557
WriteFileGather,1558
WritePrivateProfileSectionA,1559
WritePrivateProfileSectionW,1560
WritePrivateProfileStringA,1561
WritePrivateProfileStringW,1562
WritePrivateProfileStructA,1563
WritePrivateProfileStructW,1564
WriteProcessMemory,1565
WriteProfileSectionA,1566
WriteProfileSectionW,1567
WriteProfileStringA,1568
WriteProfileStringW,1569
WriteTapemark,1570
WTSGetActiveConsoleSessionId,1571
ZombifyActCtx,1572
