ordinal,_hread,
1,_hwrite,
2,_lclose,
3,_lcreat,
4,_llseek,
5,_lopen,
6,_lread,
7,_lwrite,
8,ActivateActCtx,
9,AddAtomA,
10,AddAtomW,
11,AddConsoleAliasA,
12,AddConsoleAliasW,
13,AddLocalAlternateComputerNameA,
14,AddLocalAlternateComputerNameW,
15,AddRefActCtx,
16,AllocateUserPhysicalPages,
17,AllocConsole,
18,AreFileApisANSI,
19,AssignProcessToJobObject,
20,AttachConsole,
21,BackupRead,
22,BackupSeek,
23,BackupWrite,
24,BaseCheckAppcompatCache,
25,BaseCleanupAppcompatCache,
26,BaseCleanupAppcompatCacheSupport,
27,BaseDumpAppcompatCache,
28,BaseFlushAppcompatCache,
29,BaseInitAppcompatCache,
30,BaseInitAppcompatCacheSupport,
31,BasepCheckWinSaferRestrictions,
32,BaseProcessInitPostImport,
33,BaseQueryModuleData,
34,BaseUpdateAppcompatCache,
35,Beep,
36,BeginUpdateResourceA,
37,BeginUpdateResourceW,
38,BindIoCompletionCallback,
39,BuildCommDCBA,
40,BuildCommDCBAndTimeoutsA,
41,BuildCommDCBAndTimeoutsW,
42,BuildCommDCBW,
43,CallNamedPipeA,
44,CallNamedPipeW,
45,CancelDeviceWakeupRequest,
46,CancelIo,
47,CancelTimerQueueTimer,
48,CancelWaitableTimer,
49,ChangeTimerQueueTimer,
50,CheckMenuItem,
51,CheckMenuRadioItem,
52,CheckNameLegalDOS8Dot3A,
53,CheckNameLegalDOS8Dot3W,
54,CheckRemoteDebuggerPresent,
55,ClearCommBreak,
56,ClearCommError,
57,CloseConsoleHandle,
58,CloseHandle,
59,CloseProfileUserMapping,
60,CmdBatNotification,
61,CommConfigDialogA,
62,CommConfigDialogW,
63,CompareFileTime,
64,CompareStringA,
65,CompareStringW,
66,ConnectNamedPipe,
67,ConsoleMenuControl,
68,ContinueDebugEvent,
69,ConvertDefaultLocale,
70,ConvertFiberToThread,
71,ConvertThreadToFiber,
72,CopyFile,
73,CopyFileA,
74,CopyFileExA,
75,CopyFileExW,
76,CopyFileW,
77,CopyLZFile,
78,CreateActCtxA,
79,CreateActCtxW,
80,CreateConsoleScreenBuffer,
81,CreateDirectory,
82,CreateDirectoryA,
83,CreateDirectoryExA,
84,CreateDirectoryExW,
85,CreateDirectoryW,
86,CreateEventA,
87,CreateEventW,
88,CreateFiber,
89,CreateFiberEx,
90,CreateFile,
91,CreateFileA,
92,CreateFileMapping,
93,CreateFileMappingA,
94,CreateFileMappingW,
95,CreateFileW,
96,CreateHardLinkA,
97,CreateHardLinkW,
98,CreateIoCompletionPort,
99,CreateJobObjectA,
100,CreateJobObjectW,
101,CreateJobSet,
102,CreateMailslotA,
103,CreateMailslotW,
104,CreateMemoryResourceNotification,
105,CreateMenu,
106,CreateMutexA,
107,CreateMutexW,
108,CreateNamedPipeA,
109,CreateNamedPipeW,
110,CreateNlsSecurityDescriptor,
111,CreatePipe,
112,CreatePopupMenu,
113,CreateProcessA,
114,CreateProcessInternalA,
115,CreateProcessInternalW,
116,CreateProcessInternalWSecure,
117,CreateProcessW,
118,CreateRemoteThread,
119,CreateSemaphoreA,
120,CreateSemaphoreW,
121,CreateSocketHandle,
122,CreateTapePartition,
123,CreateThread,
124,CreateTimerQueue,
125,CreateTimerQueueTimer,
126,CreateToolhelp32Snapshot,
127,CreateVirtualBuffer,
128,CreateWaitableTimerA,
129,CreateWaitableTimerW,
130,DeactivateActCtx,
131,DebugActiveProcess,
132,DebugActiveProcessStop,
133,DebugBreak,
134,DebugBreakProcess,
135,DebugSetProcessKillOnExit,
136,DefineDosDeviceA,
137,DefineDosDeviceW,
138,DelayLoadFailureHook,
139,DeleteAtom,
140,DeleteFiber,
141,DeleteFile,
142,DeleteFileA,
143,DeleteFileW,
144,DeleteMenu,
145,DeleteTimerQueue,
146,DeleteTimerQueueEx,
147,DeleteTimerQueueTimer,
148,DeleteVolumeMountPointA,
149,DeleteVolumeMountPointW,
150,DestroyMenu,
151,DeviceIoControl,
152,DisableThreadLibraryCalls,
153,DisconnectNamedPipe,
154,DnsHostnameToComputerNameA,
155,DnsHostnameToComputerNameW,
156,DosDateTimeToFileTime,
157,DosPathToSessionPathA,
158,DosPathToSessionPathW,
159,DrawMenuBar,
160,DuplicateConsoleHandle,
161,DuplicateHandle,
162,EnableMenuItem,
163,EndUpdateResourceA,
164,EndUpdateResourceW,
165,EnumCalendarInfoA,
166,EnumCalendarInfoExA,
167,EnumCalendarInfoExW,
168,EnumCalendarInfoW,
169,EnumDateFormatsA,
170,EnumDateFormatsExA,
171,EnumDateFormatsExW,
172,EnumDateFormatsW,
173,EnumerateLocalComputerNamesA,
174,EnumerateLocalComputerNamesW,
175,EnumLanguageGroupLocalesA,
176,EnumLanguageGroupLocalesW,
177,EnumResourceLanguagesA,
178,EnumResourceLanguagesW,
179,EnumResourceNamesA,
180,EnumResourceNamesW,
181,EnumResourceTypesA,
182,EnumResourceTypesW,
183,EnumSystemCodePagesA,
184,EnumSystemCodePagesW,
185,EnumSystemGeoID,
186,EnumSystemLanguageGroupsA,
187,EnumSystemLanguageGroupsW,
188,EnumSystemLocalesA,
189,EnumSystemLocalesW,
190,EnumTimeFormatsA,
191,EnumTimeFormatsW,
192,EnumUILanguagesA,
193,EnumUILanguagesW,
194,EraseTape,
195,EscapeCommFunction,
196,ExitProcess,
197,ExitThread,
198,ExitVDM,
199,ExpandEnvironmentStringsA,
200,ExpandEnvironmentStringsW,
201,ExpungeConsoleCommandHistoryA,
202,ExpungeConsoleCommandHistoryW,
203,ExtendVirtualBuffer,
204,FatalAppExitA,
205,FatalAppExitW,
206,FatalExit,
207,FileTimeToDosDateTime,
208,FileTimeToLocalFileTime,
209,FileTimeToSystemTime,
210,FillConsoleOutputAttribute,
211,FillConsoleOutputCharacterA,
212,FillConsoleOutputCharacterW,
213,FindActCtxSectionGuid,
214,FindActCtxSectionStringA,
215,FindActCtxSectionStringW,
216,FindAtomA,
217,FindAtomW,
218,FindClose,
219,FindCloseChangeNotification,
220,FindFirstChangeNotificationA,
221,FindFirstChangeNotificationW,
222,FindFirstFile,
223,FindFirstFileA,
224,FindFirstFileExA,
225,FindFirstFileExW,
226,FindFirstFileW,
227,FindFirstVolumeA,
228,FindFirstVolumeMountPointA,
229,FindFirstVolumeMountPointW,
230,FindFirstVolumeW,
231,FindNextChangeNotification,
232,FindNextFile,
233,FindNextFileA,
234,FindNextFileW,
235,FindNextVolumeA,
236,FindNextVolumeMountPointA,
237,FindNextVolumeMountPointW,
238,FindNextVolumeW,
239,FindResourceA,
240,FindResourceExA,
241,FindResourceExW,
242,FindResourceW,
243,FindVolumeClose,
244,FindVolumeMountPointClose,
245,FlushConsoleInputBuffer,
246,FlushFileBuffers,
247,FlushInstructionCache,
248,FlushViewOfFile,
249,FoldStringA,
250,FoldStringW,
251,FormatMessageA,
252,FormatMessageW,
253,FreeConsole,
254,FreeEnvironmentStringsA,
255,FreeEnvironmentStringsW,
256,FreeLibrary,
257,FreeLibraryAndExitThread,
258,FreeResource,
259,FreeUserPhysicalPages,
260,FreeVirtualBuffer,
261,GenerateConsoleCtrlEvent,
262,GetACP,
263,GetAtomNameA,
264,GetAtomNameW,
265,GetBinaryType,
266,GetBinaryTypeA,
267,GetBinaryTypeW,
268,GetCalendarInfoA,
269,GetCalendarInfoW,
270,GetCommandLineA,
271,GetCommandLineW,
272,GetCommConfig,
273,GetCommMask,
274,GetCommModemStatus,
275,GetCommProperties,
276,GetCommState,
277,GetCommTimeouts,
278,GetComPlusPackageInstallStatus,
279,GetCompressedFileSize,
280,GetCompressedFileSizeA,
281,GetCompressedFileSizeW,
282,GetComputerNameA,
283,GetComputerNameExA,
284,GetComputerNameExW,
285,GetComputerNameW,
286,GetConsoleAliasA,
287,GetConsoleAliasesA,
288,GetConsoleAliasesLengthA,
289,GetConsoleAliasesLengthW,
290,GetConsoleAliasesW,
291,GetConsoleAliasExesA,
292,GetConsoleAliasExesLengthA,
293,GetConsoleAliasExesLengthW,
294,GetConsoleAliasExesW,
295,GetConsoleAliasW,
296,GetConsoleCharType,
297,GetConsoleCommandHistoryA,
298,GetConsoleCommandHistoryLengthA,
299,GetConsoleCommandHistoryLengthW,
300,GetConsoleCommandHistoryW,
301,GetConsoleCP,
302,GetConsoleCursorInfo,
303,GetConsoleCursorMode,
304,GetConsoleDisplayMode,
305,GetConsoleFontInfo,
306,GetConsoleFontSize,
307,GetConsoleHardwareState,
308,GetConsoleInputExeNameA,
309,GetConsoleInputExeNameW,
310,GetConsoleInputWaitHandle,
311,GetConsoleKeyboardLayoutNameA,
312,GetConsoleKeyboardLayoutNameW,
313,GetConsoleMode,
314,GetConsoleNlsMode,
315,GetConsoleOutputCP,
316,GetConsoleProcessList,
317,GetConsoleScreenBufferInfo,
318,GetConsoleSelectionInfo,
319,GetConsoleTitleA,
320,GetConsoleTitleW,
321,GetConsoleWindow,
322,GetCPFileNameFromRegistry,
323,GetCPInfo,
324,GetCPInfoExA,
325,GetCPInfoExW,
326,GetCurrencyFormatA,
327,GetCurrencyFormatW,
328,GetCurrentActCtx,
329,GetCurrentConsoleFont,
330,GetCurrentDirectory,
331,GetCurrentDirectoryA,
332,GetCurrentDirectoryW,
333,GetCurrentProcess,
334,GetCurrentProcessId,
335,GetCurrentThread,
336,GetCurrentThreadId,
337,GetDateFormatA,
338,GetDateFormatW,
339,GetDefaultCommConfigA,
340,GetDefaultCommConfigW,
341,GetDefaultSortkeySize,
342,GetDevicePowerState,
343,GetDiskFreeSpace,
344,GetDiskFreeSpaceA,
345,GetDiskFreeSpaceEx,
346,GetDiskFreeSpaceExA,
347,GetDiskFreeSpaceExW,
348,GetDiskFreeSpaceW,
349,GetDllDirectoryA,
350,GetDllDirectoryW,
351,GetDriveType,
352,GetDriveTypeA,
353,GetDriveTypeW,
354,GetEnvironmentStrings,
355,GetEnvironmentStringsA,
356,GetEnvironmentStringsW,
357,GetEnvironmentVariableA,
358,GetEnvironmentVariableW,
359,GetExitCodeProcess,
360,GetExitCodeThread,
361,GetExpandedName,
362,GetExpandedNameA,
363,GetExpandedNameW,
364,GetFileAttributes,
365,GetFileAttributesA,
366,GetFileAttributesExA,
367,GetFileAttributesExW,
368,GetFileAttributesW,
369,GetFileInformationByHandle,
370,GetFileSize,
371,GetFileSizeEx,
372,GetFileTime,
373,GetFileType,
374,GetFileVersionInfo,
375,GetFileVersionInfoSize,
376,GetFirmwareEnvironmentVariableA,
377,GetFirmwareEnvironmentVariableW,
378,GetFullPathName,
379,GetFullPathNameA,
380,GetFullPathNameW,
381,GetGeoInfoA,
382,GetGeoInfoW,
383,GetHandleContext,
384,GetHandleInformation,
385,GetLargestConsoleWindowSize,
386,GetLinguistLangSize,
387,GetLocaleInfoA,
388,GetLocaleInfoW,
389,GetLocalTime,
390,GetLogicalDrives,
391,GetLogicalDriveStrings,
392,GetLogicalDriveStringsA,
393,GetLogicalDriveStringsW,
394,GetLogicalProcessorInformation,
395,GetLongPathNameA,
396,GetLongPathNameW,
397,GetMailslotInfo,
398,GetMenu,
399,GetMenuCheckMarkDimensions,
400,GetMenuContextHelpId,
401,GetMenuDefaultItem,
402,GetMenuItemCount,
403,GetMenuItemID,
404,GetMenuItemInfo,
405,GetMenuItemRect,
406,GetMenuState,
407,GetMenuString,
408,GetModuleFileNameA,
409,GetModuleFileNameW,
410,GetModuleHandleA,
411,GetModuleHandleExA,
412,GetModuleHandleExW,
413,GetModuleHandleW,
414,GetNamedPipeHandleStateA,
415,GetNamedPipeHandleStateW,
416,GetNamedPipeInfo,
417,GetNativeSystemInfo,
418,GetNextVDMCommand,
419,GetNlsSectionName,
420,GetNumaAvailableMemory,
421,GetNumaAvailableMemoryNode,
422,GetNumaHighestNodeNumber,
423,GetNumaNodeProcessorMask,
424,GetNumaProcessorMap,
425,GetNumaProcessorNode,
426,GetNumberFormatA,
427,GetNumberFormatW,
428,GetNumberOfConsoleFonts,
429,GetNumberOfConsoleInputEvents,
430,GetNumberOfConsoleMouseButtons,
431,GetOEMCP,
432,GetOverlappedResult,
433,GetPriorityClass,
434,GetPrivateProfileInt,
435,GetPrivateProfileIntA,
436,GetPrivateProfileIntW,
437,GetPrivateProfileSection,
438,GetPrivateProfileSectionA,
439,GetPrivateProfileSectionNamesA,
440,GetPrivateProfileSectionNamesW,
441,GetPrivateProfileSectionW,
442,GetPrivateProfileString,
443,GetPrivateProfileStringA,
444,GetPrivateProfileStringW,
445,GetPrivateProfileStructA,
446,GetPrivateProfileStructW,
447,GetProcAddress,
448,GetProcessAffinityMask,
449,GetProcessDEPPolicy,
450,GetProcessHandleCount,
451,GetProcessHeap,
452,GetProcessHeaps,
453,GetProcessId,
454,GetProcessIoCounters,
455,GetProcessPriorityBoost,
456,GetProcessShutdownParameters,
457,GetProcessTimes,
458,GetProcessVersion,
459,GetProcessWorkingSetSize,
460,GetProfileInt,
461,GetProfileIntA,
462,GetProfileIntW,
463,GetProfileSection,
464,GetProfileSectionA,
465,GetProfileSectionW,
466,GetProfileString,
467,GetProfileStringA,
468,GetProfileStringW,
469,GetQueuedCompletionStatus,
470,GetShortPathName,
471,GetShortPathNameA,
472,GetShortPathNameW,
473,GetStartupInfoA,
474,GetStartupInfoW,
475,GetStdHandle,
476,GetStringTypeA,
477,GetStringTypeExA,
478,GetStringTypeExW,
479,GetStringTypeW,
480,GetSubMenu,
481,GetSystemDefaultLangID,
482,GetSystemDefaultLCID,
483,GetSystemDefaultUILanguage,
484,GetSystemDEPPolicy,
485,GetSystemDirectory,
486,GetSystemDirectoryA,
487,GetSystemDirectoryW,
488,GetSystemInfo,
489,GetSystemMenu,
490,GetSystemPowerStatus,
491,GetSystemRegistryQuota,
492,GetSystemTime,
493,GetSystemTimeAdjustment,
494,GetSystemTimeAsFileTime,
495,GetSystemTimes,
496,GetSystemWindowsDirectoryA,
497,GetSystemWindowsDirectoryW,
498,GetSystemWow64DirectoryA,
499,GetSystemWow64DirectoryW,
500,GetTapeParameters,
501,GetTapePosition,
502,GetTapeStatus,
503,GetTempFileName,
504,GetTempFileNameA,
505,GetTempFileNameW,
506,GetTempPath,
507,GetTempPathA,
508,GetTempPathW,
509,GetThreadContext,
510,GetThreadIOPendingFlag,
511,GetThreadLocale,
512,GetThreadPriority,
513,GetThreadPriorityBoost,
514,GetThreadSelectorEntry,
515,GetThreadTimes,
516,GetTickCount,
517,GetTimeFormatA,
518,GetTimeFormatW,
519,GetTimeZoneInformation,
520,GetUserDefaultLangID,
521,GetUserDefaultLCID,
522,GetUserDefaultUILanguage,
523,GetUserGeoID,
524,GetVDMCurrentDirectories,
525,GetVersion,
526,GetVersionExA,
527,GetVersionExW,
528,GetVolumeInformation,
529,GetVolumeInformationA,
530,GetVolumeInformationW,
531,GetVolumeNameForVolumeMountPointA,
532,GetVolumeNameForVolumeMountPointW,
533,GetVolumePathNameA,
534,GetVolumePathNamesForVolumeNameA,
535,GetVolumePathNamesForVolumeNameW,
536,GetVolumePathNameW,
537,GetWindowsDirectory,
538,GetWindowsDirectoryA,
539,GetWindowsDirectoryW,
540,GetWriteWatch,
541,GlobalAddAtomA,
542,GlobalAddAtomW,
543,GlobalAlloc,
544,GlobalCompact,
545,GlobalDeleteAtom,
546,GlobalFindAtomA,
547,GlobalFindAtomW,
548,GlobalFix,
549,GlobalFlags,
550,GlobalFree,
551,GlobalGetAtomNameA,
552,GlobalGetAtomNameW,
553,GlobalHandle,
554,GlobalLock,
555,GlobalMemoryStatus,
556,GlobalMemoryStatusEx,
557,GlobalReAlloc,
558,GlobalSize,
559,GlobalUnfix,
560,GlobalUnlock,
561,GlobalUnWire,
562,GlobalWire,
563,Heap32First,
564,Heap32ListFirst,
565,Heap32ListNext,
566,Heap32Next,
567,HeapCompact,
568,HeapCreate,
569,HeapCreateTagsW,
570,HeapDestroy,
571,HeapExtend,
572,HeapLock,
573,HeapQueryInformation,
574,HeapQueryTagW,
575,HeapSetInformation,
576,HeapSummary,
577,HeapUnlock,
578,HeapUsage,
579,HeapValidate,
580,HeapWalk,
581,HiliteMenuItem,
582,hread,
583,hwrite,
584,InitAtomTable,
585,InitializeCriticalSection,
586,InitializeCriticalSectionAndSpinCount,
587,InsertMenu,
588,InsertMenuItem,
589,InterlockedCompareExchange,
590,InterlockedDecrement,
591,InterlockedExchange,
592,InterlockedExchangeAdd,
593,InterlockedIncrement,
594,InvalidateConsoleDIBits,
595,IsBadCodePtr,
596,IsBadHugeReadPtr,
597,IsBadHugeWritePtr,
598,IsBadReadPtr,
599,IsBadStringPtrA,
600,IsBadStringPtrW,
601,IsBadWritePtr,
602,IsDBCSLeadByte,
603,IsDBCSLeadByteEx,
604,IsDebuggerPresent,
605,IsMenu,
606,IsProcessInJob,
607,IsProcessorFeaturePresent,
608,IsSystemResumeAutomatic,
609,IsValidCodePage,
610,IsValidLanguageGroup,
611,IsValidLocale,
612,IsValidUILanguage,
613,IsWow64Process,
614,lclose,
615,LCMapStringA,
616,LCMapStringW,
617,lcreat,
618,llseek,
619,LoadLibraryA,
620,LoadLibraryExA,
621,LoadLibraryExW,
622,LoadLibraryW,
623,LoadMenu,
624,LoadMenuIndirect,
625,LoadModule,
626,LoadResource,
627,LocalAlloc,
628,LocalCompact,
629,LocalFileTimeToFileTime,
630,LocalFlags,
631,LocalFree,
632,LocalHandle,
633,LocalLock,
634,LocalReAlloc,
635,LocalShrink,
636,LocalSize,
637,LocalUnlock,
638,LockFile,
639,LockFileEx,
640,LockResource,
641,lopen,
642,lread,
643,lstrcat,
644,lstrcatA,
645,lstrcatW,
646,lstrcmp,
647,lstrcmpA,
648,lstrcmpi,
649,lstrcmpiA,
650,lstrcmpiW,
651,lstrcmpW,
652,lstrcpy,
653,lstrcpyA,
654,lstrcpyn,
655,lstrcpynA,
656,lstrcpynW,
657,lstrcpyW,
658,lstrlen,
659,lstrlenA,
660,lstrlenW,
661,lwrite,
662,LZClose,
663,LZCloseFile,
664,LZCopy,
665,LZCreateFileW,
666,LZDone,
667,LZInit,
668,LZOpenFile,
669,LZOpenFileA,
670,LZOpenFileW,
671,LZRead,
672,LZSeek,
673,LZStart,
674,MapUserPhysicalPages,
675,MapUserPhysicalPagesScatter,
676,MapViewOfFile,
677,MapViewOfFileEx,
678,MenuItemFromPoint,
679,ModifyMenu,
680,Module32First,
681,Module32FirstW,
682,Module32Next,
683,Module32NextW,
684,MoveFile,
685,MoveFileA,
686,MoveFileExA,
687,MoveFileExW,
688,MoveFileW,
689,MoveFileWithProgressA,
690,MoveFileWithProgressW,
691,MulDiv,
692,MultiByteToWideChar,
693,name,
694,NlsConvertIntegerToString,
695,NlsGetCacheUpdateCount,
696,NlsResetProcessLocale,
697,NumaVirtualQueryNode,
698,OpenConsoleW,
699,OpenDataFile,
700,OpenEventA,
701,OpenEventW,
702,OpenFile,
703,OpenFileMapping,
704,OpenFileMappingA,
705,OpenFileMappingW,
706,OpenJobObjectA,
707,OpenJobObjectW,
708,OpenMutexA,
709,OpenMutexW,
710,OpenProcess,
711,OpenProfileUserMapping,
712,OpenSemaphoreA,
713,OpenSemaphoreW,
714,OpenThread,
715,OpenWaitableTimerA,
716,OpenWaitableTimerW,
717,OutputDebugStringA,
718,OutputDebugStringW,
719,PeekConsoleInputA,
720,PeekConsoleInputW,
721,PeekNamedPipe,
722,PostQueuedCompletionStatus,
723,PrepareTape,
724,PrivCopyFileExW,
725,PrivMoveFileIdentityW,
726,Process32First,
727,Process32FirstW,
728,Process32Next,
729,Process32NextW,
730,ProcessIdToSessionId,
731,PulseEvent,
732,PurgeComm,
733,QueryActCtxW,
734,QueryDosDevice,
735,QueryDosDeviceA,
736,QueryDosDeviceW,
737,QueryInformationJobObject,
738,QueryMemoryResourceNotification,
739,QueryPerformanceCounter,
740,QueryPerformanceFrequency,
741,QueryWin31IniFilesMappedToRegistry,
742,QueueUserAPC,
743,QueueUserWorkItem,
744,RaiseException,
745,ReadConsoleA,
746,ReadConsoleInputA,
747,ReadConsoleInputExA,
748,ReadConsoleInputExW,
749,ReadConsoleInputW,
750,ReadConsoleOutputA,
751,ReadConsoleOutputAttribute,
752,ReadConsoleOutputCharacterA,
753,ReadConsoleOutputCharacterW,
754,ReadConsoleOutputW,
755,ReadConsoleW,
756,ReadDirectoryChangesW,
757,ReadFile,
758,ReadFileEx,
759,ReadFileScatter,
760,ReadProcessMemory,
761,RegCloseKey,
762,RegConnectRegistry,
763,RegCreateKey,
764,RegCreateKeyEx,
765,RegDeleteKey,
766,RegDeleteValue,
767,RegEnumKey,
768,RegEnumKeyEx,
769,RegEnumValue,
770,RegFlushKey,
771,RegGetKeySecurity,
772,RegisterConsoleIME,
773,RegisterConsoleOS2,
774,RegisterConsoleVDM,
775,RegisterWaitForInputIdle,
776,RegisterWaitForSingleObject,
777,RegisterWaitForSingleObjectEx,
778,RegisterWowBaseHandlers,
779,RegisterWowExec,
780,RegLoadKey,
781,RegNotifyChangeKeyValue,
782,RegOpenKey,
783,RegOpenKeyEx,
784,RegQueryInfoKey,
785,RegQueryValue,
786,RegQueryValueEx,
787,RegReplaceKey,
788,RegRestoreKey,
789,RegSaveKey,
790,RegSetKeySecurity,
791,RegSetValue,
792,RegSetValueEx,
793,RegUnLoadKey,
794,ReleaseActCtx,
795,ReleaseMutex,
796,ReleaseSemaphore,
797,RemoveDirectory,
798,RemoveDirectoryA,
799,RemoveDirectoryW,
800,RemoveLocalAlternateComputerNameA,
801,RemoveLocalAlternateComputerNameW,
802,RemoveMenu,
803,ReplaceFileA,
804,ReplaceFileW,
805,RequestDeviceWakeup,
806,RequestWakeupLatency,
807,ResetEvent,
808,ResetWriteWatch,
809,ResumeThread,
810,ScrollConsoleScreenBufferA,
811,ScrollConsoleScreenBufferW,
812,SearchPath,
813,SearchPathA,
814,SearchPathW,
815,SetCalendarInfoA,
816,SetCalendarInfoW,
817,SetClientTimeZoneInformation,
818,SetCommBreak,
819,SetCommConfig,
820,SetCommMask,
821,SetCommState,
822,SetCommTimeouts,
823,SetComPlusPackageInstallStatus,
824,SetComputerNameA,
825,SetComputerNameExA,
826,SetComputerNameExW,
827,SetComputerNameW,
828,SetConsoleActiveScreenBuffer,
829,SetConsoleCommandHistoryMode,
830,SetConsoleCP,
831,SetConsoleCtrlHandler,
832,SetConsoleCursor,
833,SetConsoleCursorInfo,
834,SetConsoleCursorMode,
835,SetConsoleCursorPosition,
836,SetConsoleDisplayMode,
837,SetConsoleFont,
838,SetConsoleHardwareState,
839,SetConsoleIcon,
840,SetConsoleInputExeNameA,
841,SetConsoleInputExeNameW,
842,SetConsoleKeyShortcuts,
843,SetConsoleLocalEUDC,
844,SetConsoleMaximumWindowSize,
845,SetConsoleMenuClose,
846,SetConsoleMode,
847,SetConsoleNlsMode,
848,SetConsoleNumberOfCommandsA,
849,SetConsoleNumberOfCommandsW,
850,SetConsoleOS2OemFormat,
851,SetConsoleOutputCP,
852,SetConsolePalette,
853,SetConsoleScreenBufferSize,
854,SetConsoleTextAttribute,
855,SetConsoleTitleA,
856,SetConsoleTitleW,
857,SetConsoleWindowInfo,
858,SetCPGlobal,
859,SetCurrentDirectory,
860,SetCurrentDirectoryA,
861,SetCurrentDirectoryW,
862,SetDefaultCommConfigA,
863,SetDefaultCommConfigW,
864,SetDllDirectoryA,
865,SetDllDirectoryW,
866,SetEndOfFile,
867,SetEnvironmentVariableA,
868,SetEnvironmentVariableW,
869,SetErrorMode,
870,SetEvent,
871,SetFileApisToANSI,
872,SetFileApisToOEM,
873,SetFileAttributes,
874,SetFileAttributesA,
875,SetFileAttributesW,
876,SetFilePointer,
877,SetFilePointerEx,
878,SetFileShortNameA,
879,SetFileShortNameW,
880,SetFileTime,
881,SetFileValidData,
882,SetFirmwareEnvironmentVariableA,
883,SetFirmwareEnvironmentVariableW,
884,SetHandleContext,
885,SetHandleCount,
886,SetHandleInformation,
887,SetInformationJobObject,
888,SetLastConsoleEventActive,
889,SetLocaleInfoA,
890,SetLocaleInfoW,
891,SetLocalPrimaryComputerNameA,
892,SetLocalPrimaryComputerNameW,
893,SetLocalTime,
894,SetMailslotInfo,
895,SetMenu,
896,SetMenuContextHelpId,
897,SetMenuDefaultItem,
898,SetMenuItemBitmaps,
899,SetMenuItemInfo,
900,SetMessageWaitingIndicator,
901,SetNamedPipeHandleState,
902,SetPriorityClass,
903,SetProcessAffinityMask,
904,SetProcessDEPPolicy,
905,SetProcessPriorityBoost,
906,SetProcessShutdownParameters,
907,SetProcessWorkingSetSize,
908,SetSearchPathMode,
909,SetStdHandle,
910,SetSystemPowerState,
911,SetSystemTime,
912,SetSystemTimeAdjustment,
913,SetTapeParameters,
914,SetTapePosition,
915,SetTermsrvAppInstallMode,
916,SetThreadAffinityMask,
917,SetThreadContext,
918,SetThreadExecutionState,
919,SetThreadIdealProcessor,
920,SetThreadLocale,
921,SetThreadPriority,
922,SetThreadPriorityBoost,
923,SetThreadUILanguage,
924,SetTimerQueueTimer,
925,SetTimeZoneInformation,
926,SetUnhandledExceptionFilter,
927,SetupComm,
928,SetUserGeoID,
929,SetVDMCurrentDirectories,
930,SetVolumeLabel,
931,SetVolumeLabelA,
932,SetVolumeLabelW,
933,SetVolumeMountPointA,
934,SetVolumeMountPointW,
935,SetWaitableTimer,
936,ShowConsoleCursor,
937,SignalObjectAndWait,
938,SizeofResource,
939,Sleep,
940,SleepEx,
941,SuspendThread,
942,SwitchToFiber,
943,SwitchToThread,
944,SystemTimeToFileTime,
945,SystemTimeToTzSpecificLocalTime,
946,TerminateJobObject,
947,TerminateProcess,
948,TerminateThread,
949,TermsrvAppInstallMode,
950,Thread32First,
951,Thread32Next,
952,TlsAlloc,
953,TlsFree,
954,TlsGetValue,
955,TlsSetValue,
956,Toolhelp32ReadProcessMemory,
957,TrackPopupMenu,
958,TrackPopupMenuEx,
959,TransactNamedPipe,
960,TransmitCommChar,
961,TrimVirtualBuffer,
962,TzSpecificLocalTimeToSystemTime,
963,UnhandledExceptionFilter,
964,UnlockFile,
965,UnlockFileEx,
966,UnmapViewOfFile,
967,UnregisterConsoleIME,
968,UnregisterWait,
969,UnregisterWaitEx,
970,UpdateResourceA,
971,UpdateResourceW,
972,UTRegister,
973,UTUnRegister,
974,ValidateLCType,
975,ValidateLocale,
976,VDMConsoleOperation,
977,VDMOperationStarted,
978,VerFindFile,
979,VerifyConsoleIoHandle,
980,VerifyVersionInfoA,
981,VerifyVersionInfoW,
982,VerInstallFile,
983,VerLanguageName,
984,VerLanguageNameA,
985,VerLanguageNameW,
986,VerQueryValue,
987,VirtualAlloc,
988,VirtualAllocEx,
989,VirtualBufferExceptionHandler,
990,VirtualFree,
991,VirtualFreeEx,
992,VirtualLock,
993,VirtualProtect,
994,VirtualProtectEx,
995,VirtualQuery,
996,VirtualQueryEx,
997,VirtualUnlock,
998,WaitCommEvent,
999,WaitForDebugEvent,
1000,WaitForMultipleObjects,
1001,WaitForMultipleObjectsEx,
1002,WaitForSingleObject,
1003,WaitForSingleObjectEx,
1004,WaitNamedPipeA,
1005,WaitNamedPipeW,
1006,WideCharToMultiByte,
1007,WinExec,
1008,WNetAddConnection2,
1009,WNetAddConnection3,
1010,WNetCancelConnection,
1011,WNetCancelConnection2,
1012,WNetCloseEnum,
1013,WNetConnectionDialog,
1014,WNetDisconnectDialog,
1015,WNetEnumResource,
1016,WNetGetConnection,
1017,WNetGetLastError,
1018,WNetGetUniversalName,
1019,WNetGetUser,
1020,WNetOpenEnum AppendMenu,
1021,WriteConsoleA,
1022,WriteConsoleInputA,
1023,WriteConsoleInputVDMA,
1024,WriteConsoleInputVDMW,
1025,WriteConsoleInputW,
1026,WriteConsoleOutputA,
1027,WriteConsoleOutputAttribute,
1028,WriteConsoleOutputCharacterA,
1029,WriteConsoleOutputCharacterW,
1030,WriteConsoleOutputW,
1031,WriteConsoleW,
1032,WriteFile,
1033,WriteFileEx,
1034,WriteFileGather,
1035,WritePrivateProfileSection,
1036,WritePrivateProfileSectionA,
1037,WritePrivateProfileSectionW,
1038,WritePrivateProfileString,
1039,WritePrivateProfileStringA,
1040,WritePrivateProfileStringW,
1041,WritePrivateProfileStructA,
1042,WritePrivateProfileStructW,
1043,WriteProcessMemory,
1044,WriteProfileSection,
1045,WriteProfileSectionA,
1046,WriteProfileSectionW,
1047,WriteProfileString WNetAddConnection,
1048,WriteProfileStringA,
1049,WriteProfileStringW,
1050,WriteTapemark,
1051,WTSGetActiveConsoleSessionId,
1052,ZombifyActCtx,
